case/step,DAC-MACS,RD-DABE,RW-ABE,TAAC
1,0.042996,,,
2,0.10282999999999999,,,
3,0.11172299999999999,,,
4,0.080984,,,
5,0.059975999999999995,,,
6,0.084366,,,
7,0.15084999999999998,,,
8,0.090859,,,
9,0.09783299999999999,,,
10,0.087503,,,
1,,0.0,,
2,,1e-06,,
3,,0.0,,
4,,0.0,,
5,,1e-06,,
6,,0.0,,
7,,1e-06,,
8,,0.0,,
9,,0.0,,
10,,1e-06,,
1,,,1e-06,
2,,,0.0,
3,,,1e-06,
4,,,1e-06,
5,,,0.0,
6,,,0.0,
7,,,1e-06,
8,,,1e-06,
9,,,0.0,
10,,,0.0,
1,,,,0.17160399999999998
