case/step,DAC-MACS,RD-DABE,RW-ABE,TAAC
1,3.4e-05,,,
2,4.3e-05,,,
3,2.7e-05,,,
4,3.5e-05,,,
5,3.2e-05,,,
6,2.9e-05,,,
7,2.7e-05,,,
8,2.8e-05,,,
9,2.9e-05,,,
10,3.5e-05,,,
1,,3.1e-05,,
2,,1.7e-05,,
3,,1.6e-05,,
4,,3.3e-05,,
5,,1.9e-05,,
6,,2.1e-05,,
7,,2.1e-05,,
8,,2.2e-05,,
9,,1.7999999999999997e-05,,
10,,1.6e-05,,
1,,,1.8e-05,
2,,,1.3e-05,
3,,,1.1999999999999999e-05,
4,,,1.3e-05,
5,,,5.1e-05,
6,,,1.3e-05,
7,,,9.999999999999999e-06,
8,,,1.8e-05,
9,,,1.1e-05,
10,,,1.1e-05,
1,,,,2.4e-05
