case/step,DAC-MACS,RD-DABE,RW-ABE,TAAC
keygen,0.050000000000000266,,,
register,0.009999999999999787,,,
keygen,,0.09000000000000163,,
register,,0.009999999999999787,,
keygen,,,0.1999999999999993,
register,,,0.010000000000000009,
keygen,,,,0.46999999999999886
register,,,,0.0
